 United States         ,Other,1,6,6,6,6,6,1,1,1,1,6,6,6,7,1,6,1,1,1,6,1,1,1,6,1,1,1,1,1,1,1,1,1,7,6,1,6,1,6,6,1,1,1,1,1,1,6,6,6,1,1,1,6,1,1,6,6,7,1,1,1,1,1,1,1,1,6,1,6,1,1,1,1,1,1,6,6,6,1,1,1,1,6,6,6,6,6,6,6,6,1,6,6,6,6,6,6,6,6,1,6,6,1,1,1,6,6,6,6,1,6,6,6,6,1,6,6,6,6,1,6,6,6,6,1,6,1,6,1,1,1,1,7,1,1,6,6,6,6,6,1,1,1,1,1,1,1,1,7,6,6,6,6,6,6,6,6,1,6,1,1,1,1,1,7,1,1,1,1,1,1,6,1,1,1,6,1,1,1,1,6,6,6,6,6,6,6,6,6,6,6,1,1,1,1,6,6,6,6,7,7,7,7,7,7,7,7,7,7,6,6,7,1,1,7,1,6,6,7,6,6,6,1,1,1,1,6,6,6,6,6,6,6,6,6,6,6
 Canada                ,Other,6,6,6,6,6,1,1,1,1,1,6,6,6,7,1,6,1,1,1,6,7,1,1,9,1,1,1,1,1,1,1,1,1,1,1,1,1,1,6,6,1,1,6,1,1,1,6,6,6,1,7,6,6,1,1,6,6,7,7,1,1,1,1,1,1,1,6,1,6,1,1,1,6,1,1,1,6,6,1,1,1,1,6,6,6,6,6,6,6,6,1,6,6,6,7,6,6,6,6,6,6,6,1,6,7,6,1,1,6,6,6,6,6,7,1,6,6,6,6,1,6,6,6,6,1,6,1,7,1,1,1,1,7,1,1,7,6,6,6,6,1,1,1,1,1,1,1,1,7,6,6,6,6,6,6,6,6,6,6,1,1,1,1,1,6,1,1,1,1,7,1,6,1,1,1,6,1,7,1,1,6,6,6,6,6,6,6,6,6,6,6,1,1,1,1,6,6,6,7,7,7,7,7,7,7,7,7,7,7,7,7,6,1,1,1,1,7,7,7,7,7,6,7,7,1,1,6,6,6,6,6,6,6,6,6,1,7
 Cuba                  ,Other,1,6,1,1,1,1,1,1,1,1,6,9,9,6,1,6,1,6,6,1,7,1,1,6,1,1,1,1,1,1,1,1,1,6,1,1,1,1,6,6,1,1,6,1,1,1,6,6,7,7,6,1,1,6,6,7,6,1,6,1,1,1,1,1,1,1,1,1,7,1,1,1,1,1,6,6,6,6,1,1,1,1,6,7,6,1,1,1,1,1,1,6,6,7,7,6,6,6,6,1,7,6,1,1,1,7,6,7,1,1,6,1,1,6,1,6,6,6,7,1,7,6,7,7,1,6,1,1,6,1,1,1,6,1,1,1,9,9,9,9,1,1,1,1,1,1,1,1,9,9,9,9,9,9,9,9,7,1,6,1,1,1,7,7,6,1,1,6,6,6,1,6,7,1,6,1,1,1,1,1,7,6,6,6,6,6,6,6,6,6,6,1,1,1,1,6,6,6,6,7,7,7,7,7,7,7,7,7,7,7,7,1,6,6,1,1,1,1,1,1,1,7,1,1,6,6,1,1,1,1,1,1,1,1,1,7,6
 Haiti                 ,Other,1,6,6,9,1,9,1,1,9,9,9,9,9,6,1,6,1,6,6,1,1,7,7,9,9,9,9,9,9,9,9,9,9,9,7,9,9,9,1,1,1,7,6,1,6,1,6,6,1,6,1,1,1,6,6,1,7,7,1,1,7,1,1,1,1,1,1,1,1,6,1,1,1,1,1,6,6,6,7,1,1,1,6,6,6,9,9,9,9,9,9,6,6,6,6,6,6,6,6,9,6,7,1,1,1,7,7,6,1,1,6,1,1,6,9,1,6,7,1,1,7,6,1,1,1,6,1,1,1,1,1,1,6,1,1,1,9,9,9,9,1,1,1,1,1,1,1,1,7,7,7,7,7,7,7,7,1,1,7,6,1,6,7,7,7,6,1,7,1,1,1,6,6,1,6,1,1,1,1,9,9,1,6,6,6,6,6,6,6,6,6,1,1,1,1,6,6,6,9,9,9,9,9,9,9,9,9,9,9,9,9,1,9,9,9,1,1,1,1,1,1,1,1,1,6,6,1,1,1,1,1,1,1,1,1,7,6
 Dominican Rep         ,Other,1,6,6,7,1,1,1,1,1,1,6,6,6,6,1,6,1,1,6,1,6,1,1,6,1,1,1,1,1,1,1,1,9,1,7,7,1,1,7,1,1,1,6,1,1,1,6,6,6,1,7,7,6,1,1,6,6,1,6,1,1,1,1,1,1,6,6,6,7,1,1,1,1,1,1,6,6,6,1,1,1,1,6,7,6,6,7,6,6,7,1,6,6,6,6,6,6,6,6,7,9,6,1,1,1,6,1,1,7,1,6,1,1,6,1,6,1,6,6,1,6,6,6,6,1,6,1,1,1,1,1,1,7,7,1,6,7,6,6,6,1,1,9,9,9,1,1,1,1,6,6,6,6,6,6,6,7,1,6,1,1,1,7,7,7,1,1,6,6,6,1,6,1,1,1,7,1,1,1,1,7,7,6,6,6,6,6,6,6,6,7,1,1,1,1,6,6,6,6,6,6,7,7,7,7,7,7,7,7,7,7,7,6,6,7,1,7,6,1,7,1,6,1,1,7,7,1,1,7,7,7,7,7,7,7,6,6
 Mexico                ,Other,1,6,1,1,1,1,1,1,9,6,9,9,9,6,6,7,7,6,6,1,1,9,1,6,1,1,1,1,1,1,1,1,1,6,1,1,1,1,1,1,7,1,6,1,7,1,6,6,7,7,1,1,1,6,6,7,7,7,1,1,1,1,1,1,1,1,1,1,1,6,1,1,1,1,7,6,6,7,1,1,1,1,6,7,7,1,1,1,1,1,6,6,6,7,1,6,6,6,7,1,6,6,1,1,1,6,6,6,1,1,6,1,1,6,1,9,7,7,1,1,6,6,6,6,1,7,7,7,7,1,1,1,6,1,1,6,7,7,6,6,1,1,9,9,9,1,1,1,6,9,9,9,9,9,9,9,6,1,6,1,1,1,1,1,6,1,1,6,6,6,1,6,1,1,6,1,1,1,1,1,1,7,7,6,6,7,7,6,6,6,6,1,1,1,1,6,6,7,7,7,7,7,7,7,7,7,7,7,7,7,7,1,6,6,7,1,1,1,1,1,1,1,7,7,1,1,1,1,1,7,7,7,7,1,1,6,6
 Guatemala             ,Other,1,6,6,6,9,1,9,1,9,9,9,9,9,9,9,1,9,6,6,1,1,7,1,7,1,1,1,1,1,1,1,1,1,6,6,7,7,1,1,1,6,1,1,1,6,7,7,7,7,6,1,1,1,6,6,7,7,6,1,1,7,1,1,1,1,1,1,1,1,6,1,1,1,1,1,9,9,9,9,9,9,9,9,9,9,1,1,1,1,1,6,9,9,9,9,9,9,9,9,9,9,9,1,1,1,7,6,6,1,1,6,1,1,9,9,7,6,7,1,1,7,6,6,7,1,7,6,7,7,1,9,9,6,1,1,6,7,7,7,7,1,1,1,1,1,1,7,1,6,1,1,1,1,1,7,6,7,1,6,6,1,1,1,1,6,1,7,6,6,6,1,7,6,1,6,1,1,1,1,1,1,7,7,7,7,7,7,6,6,6,7,1,1,1,1,9,9,9,7,9,7,7,7,7,7,9,9,7,7,7,7,1,6,6,7,1,1,1,1,1,1,1,9,9,7,1,6,6,6,6,6,6,6,6,6,6,7
 Honduras              ,Other,1,6,1,1,1,9,9,9,1,1,6,6,6,6,1,9,1,6,6,1,7,9,1,6,1,1,1,1,1,1,1,1,1,6,1,1,1,1,6,6,1,1,6,1,6,1,6,6,9,7,9,9,9,7,7,7,6,1,6,1,1,1,1,1,1,1,6,1,1,6,1,1,1,1,7,6,9,9,1,1,1,1,6,6,6,9,9,9,9,9,9,6,6,7,7,6,6,6,6,7,9,9,1,1,1,6,6,6,1,1,6,1,1,6,1,6,6,7,7,1,9,9,1,9,9,6,1,1,1,1,9,1,6,1,1,7,7,7,6,6,1,1,1,1,1,1,1,1,1,6,6,6,6,6,6,6,6,6,6,1,1,1,1,1,7,1,1,6,6,6,7,6,1,1,6,9,9,9,9,1,1,7,7,6,6,6,6,6,6,6,6,1,1,1,1,6,6,6,9,9,9,9,9,9,9,9,9,9,9,9,9,7,6,6,7,9,9,9,9,9,9,9,1,1,7,7,7,7,7,7,7,7,7,7,7,6,6
 El Salvador           ,Other,1,6,1,7,9,9,1,6,9,9,6,6,6,6,1,9,1,1,1,6,6,9,1,6,1,1,1,1,1,1,1,1,1,6,1,1,1,6,6,6,1,9,6,1,1,1,6,6,7,1,7,6,9,1,1,7,6,9,9,1,1,1,1,1,1,6,6,6,6,1,1,1,1,1,7,9,9,9,9,9,9,9,9,9,9,6,7,7,7,6,1,6,6,6,6,6,6,6,6,9,9,6,9,1,1,6,6,6,6,1,6,1,1,9,9,9,9,9,9,9,7,6,6,7,1,6,1,1,1,9,1,1,6,1,1,1,9,9,9,9,1,1,1,1,1,7,1,1,1,6,6,6,6,6,6,6,7,7,6,1,1,1,7,7,6,1,1,6,6,6,7,6,7,1,9,7,1,1,1,9,9,6,7,6,6,6,6,6,7,6,6,1,1,1,1,6,6,6,9,9,9,9,9,9,9,9,9,9,9,9,9,9,9,9,9,9,9,9,9,9,9,9,1,1,6,6,1,1,1,1,1,1,1,1,1,6,6
 Nicaragua             ,Other,1,6,1,1,1,9,9,6,9,9,9,9,9,9,9,7,1,1,1,6,1,1,1,6,1,1,1,1,1,1,1,1,9,6,7,7,1,1,6,6,1,1,6,1,1,1,6,6,6,1,6,6,6,1,1,6,6,1,6,1,1,1,1,1,1,1,6,1,6,1,1,1,1,1,1,9,9,6,9,9,9,9,6,6,6,6,6,6,6,6,1,6,6,6,6,6,6,6,6,9,9,6,9,1,1,6,6,6,7,1,6,1,1,9,1,6,6,6,6,1,6,6,6,6,1,6,1,7,1,1,1,1,6,1,1,7,6,6,6,6,1,1,1,1,1,1,1,1,1,6,6,6,6,6,6,6,6,7,6,1,1,1,7,7,6,1,1,6,7,6,1,6,1,1,1,7,1,1,1,1,7,7,6,6,6,6,6,6,6,6,6,1,1,1,1,6,6,6,7,6,7,7,7,7,7,7,7,7,7,7,7,7,9,9,9,7,7,7,7,7,7,7,7,1,6,6,1,1,1,1,1,1,1,1,1,7,6
 Costa Rica            ,Other,1,6,6,9,1,1,1,1,9,6,6,6,6,1,1,9,9,1,1,6,6,9,9,6,1,1,1,1,1,1,1,1,1,1,1,1,9,1,7,7,1,7,6,1,1,1,6,6,9,1,7,7,9,1,1,6,6,1,1,1,1,1,1,1,1,6,6,6,6,1,1,1,1,1,1,6,6,9,9,9,1,1,9,9,9,1,1,1,1,1,7,9,9,9,9,9,9,9,9,1,6,6,9,1,1,7,6,6,1,1,6,1,1,9,9,9,9,9,9,9,6,7,7,6,1,6,7,7,7,1,1,1,6,1,1,6,7,6,6,6,1,1,1,1,1,1,9,1,9,9,9,9,9,9,9,9,1,1,6,1,1,1,1,1,6,1,1,6,6,7,1,6,6,1,9,1,1,1,1,9,9,9,9,9,9,9,9,9,6,6,6,1,1,1,1,6,6,7,9,9,9,9,9,9,9,9,9,9,9,9,9,9,9,9,9,9,9,9,9,9,9,9,1,1,7,1,6,6,6,6,6,6,6,6,6,6,6
 Panama                ,Other,1,6,1,7,1,9,1,1,9,1,9,9,9,6,1,7,1,1,6,1,1,1,9,6,1,1,1,1,1,1,1,1,9,1,1,1,1,1,6,1,1,1,6,1,6,1,6,6,7,7,1,1,1,1,9,9,6,6,1,1,1,1,1,1,1,1,1,1,1,6,1,1,1,1,1,6,6,9,1,1,1,1,6,7,7,6,7,7,6,6,7,6,6,6,6,6,6,6,6,7,6,6,1,1,1,6,6,6,7,1,6,1,1,6,9,6,6,6,6,1,6,6,9,6,1,6,1,7,1,1,1,9,6,1,1,6,7,7,6,6,1,1,9,9,9,1,1,1,6,6,7,7,7,7,7,6,6,7,6,1,1,1,7,7,6,1,1,6,6,7,1,6,1,1,9,7,1,1,1,1,6,6,6,6,6,6,6,6,6,6,7,1,1,1,1,9,9,9,9,9,9,9,9,9,9,9,9,9,9,9,9,9,9,9,9,9,9,9,9,9,9,9,1,1,1,1,7,7,7,7,7,7,7,7,7,7,6
 Colombia              ,Other,1,6,6,7,6,1,1,1,9,7,6,6,6,6,6,1,7,6,6,1,7,1,1,7,7,7,7,7,7,7,7,7,1,6,6,7,1,1,7,1,1,7,6,1,6,1,6,6,7,1,1,1,1,6,1,6,6,6,1,1,1,1,1,1,1,7,7,7,1,6,6,9,9,9,7,1,6,6,1,1,1,1,6,7,6,1,1,1,1,1,1,9,9,9,7,6,6,6,6,6,7,6,1,1,1,7,6,6,7,1,6,1,1,7,1,6,6,6,6,1,1,6,7,1,1,6,1,1,1,1,1,1,6,1,1,7,6,6,6,6,1,1,1,1,1,1,1,1,1,6,6,6,6,6,6,6,6,1,6,1,1,1,7,7,6,1,1,6,6,6,1,6,6,1,1,7,1,1,1,1,1,7,7,6,6,7,7,6,6,6,6,1,1,1,1,6,6,6,6,6,6,6,6,6,6,6,6,7,7,6,6,9,6,6,7,9,1,1,1,1,1,1,7,1,6,6,1,1,1,1,1,1,1,1,1,1,6
 Venezuela             ,Other,1,6,1,6,1,9,1,1,1,7,6,6,6,7,1,6,1,6,6,1,1,1,1,6,7,7,7,7,7,7,7,7,1,6,7,1,1,1,7,1,1,1,7,1,6,1,6,6,7,1,1,1,7,7,6,7,6,7,1,1,1,1,1,1,1,1,1,1,1,7,1,1,1,1,1,7,6,6,1,1,1,1,7,1,1,1,1,1,1,1,6,7,7,1,1,6,7,7,7,1,9,7,1,1,1,6,6,6,1,1,6,1,1,6,1,7,7,6,1,1,6,6,6,6,1,6,1,7,1,1,1,1,6,7,1,1,7,7,6,6,1,1,7,7,7,1,1,1,1,6,6,6,6,6,6,6,6,7,6,1,1,1,6,6,6,1,7,6,6,6,1,6,1,1,1,1,1,1,1,1,1,6,6,6,6,6,6,6,6,6,6,1,1,1,1,6,6,6,7,7,6,7,7,7,7,7,7,7,7,7,7,1,6,6,1,1,1,7,1,1,1,7,9,7,6,6,1,1,1,1,1,1,1,1,1,1,6
 Ecuador               ,Other,1,6,1,1,1,1,1,1,1,1,6,6,6,6,1,6,1,1,1,7,6,9,1,7,7,7,7,7,7,7,7,7,9,1,7,7,6,1,6,6,1,1,6,1,9,1,7,6,7,1,1,1,6,1,1,6,6,9,9,1,1,1,1,1,1,7,7,7,7,1,7,7,1,1,1,6,6,7,1,1,1,1,6,1,1,1,7,1,7,7,9,6,6,6,9,6,9,9,9,1,9,7,1,1,1,7,7,6,1,1,6,1,1,6,9,9,9,9,7,1,7,7,7,7,1,6,1,7,1,1,1,1,6,1,1,7,7,7,6,6,1,1,1,1,1,1,1,1,1,6,6,6,6,6,7,6,7,6,6,1,1,1,7,6,7,1,7,6,6,6,1,6,1,1,6,1,1,1,1,1,7,7,7,7,6,7,6,6,6,6,7,1,1,1,1,6,6,6,6,6,7,7,7,7,7,7,7,7,7,7,7,9,9,9,9,1,1,1,1,1,1,7,1,1,6,6,1,1,1,1,1,1,1,1,1,7,7
 Peru                  ,Other,1,6,6,1,1,1,1,1,1,6,6,6,6,6,6,6,1,1,1,6,6,1,1,6,1,1,1,1,1,1,1,1,9,1,7,7,9,1,6,6,1,1,6,1,1,1,6,6,7,1,1,1,6,1,1,7,6,7,6,1,1,1,1,1,1,6,6,6,7,1,7,1,1,1,1,6,6,6,9,1,9,9,6,7,7,6,6,6,6,6,1,9,9,9,9,9,9,9,9,6,6,6,1,1,1,6,1,6,7,6,6,1,1,9,9,6,7,7,7,1,6,6,6,6,1,6,1,1,1,1,1,1,7,7,1,1,7,7,6,6,1,1,1,1,1,1,1,1,1,6,6,6,6,6,6,6,6,6,6,1,1,1,7,7,1,1,1,6,6,6,1,6,1,1,6,6,1,1,1,1,6,7,6,6,6,6,6,6,6,6,6,1,1,1,1,6,6,6,7,7,7,6,7,7,7,7,7,7,7,7,7,7,7,6,7,1,7,7,7,7,7,6,1,1,6,6,1,1,1,1,1,1,1,1,1,7,6
 Brazil                ,Other,1,6,1,6,1,1,7,1,1,6,6,6,7,6,6,6,1,1,1,7,1,1,1,6,1,1,1,1,1,1,1,1,7,1,1,1,1,1,6,6,1,7,7,1,6,1,6,6,6,1,1,1,1,1,1,6,6,1,6,1,1,1,1,1,1,1,6,1,6,1,6,6,1,1,1,6,6,6,1,6,1,1,6,7,6,1,1,1,1,1,1,6,6,6,6,6,6,6,6,1,6,6,1,1,1,7,6,6,1,1,6,1,1,6,1,6,6,6,6,1,6,6,6,6,1,6,1,1,1,1,1,1,6,1,1,1,6,6,6,6,1,1,1,1,1,7,1,1,1,6,6,6,6,6,6,6,6,7,6,1,1,1,7,7,1,1,1,6,6,6,1,6,6,1,1,1,1,1,1,1,1,6,6,6,6,6,6,6,6,6,6,1,1,1,1,6,6,6,7,7,7,7,7,7,7,7,7,7,7,7,6,1,6,6,1,1,1,1,1,1,1,1,7,7,6,6,1,1,1,1,1,1,1,1,1,7,6
 Bolivia               ,Other,1,7,6,6,1,1,1,1,1,1,6,6,6,1,1,1,1,1,7,7,1,1,1,6,1,1,1,1,1,1,1,1,1,6,1,1,7,1,7,1,1,7,1,9,1,1,6,6,6,1,6,1,6,1,1,6,6,6,1,1,1,1,1,1,1,1,1,7,7,7,7,6,1,1,1,6,6,6,1,1,1,1,6,7,6,9,7,7,7,7,1,6,6,6,6,6,6,6,6,1,9,6,1,1,1,6,1,7,7,1,6,1,1,6,9,6,6,6,6,1,6,6,6,6,1,6,7,7,7,1,1,1,6,1,1,1,6,6,6,6,1,1,1,1,1,1,1,1,1,6,6,6,6,6,6,6,6,6,6,1,1,1,7,7,7,1,1,6,6,6,7,6,1,1,1,6,1,1,1,1,6,6,6,6,6,6,6,6,6,6,6,1,1,1,1,6,6,6,9,9,9,9,9,9,9,9,9,9,9,9,9,7,6,6,1,7,7,7,7,7,7,7,1,1,6,6,1,1,1,1,1,1,1,1,1,6,6
 Paraguay              ,Other,1,6,1,7,9,9,9,1,1,6,6,6,6,6,1,9,1,1,1,6,1,1,1,6,1,1,1,1,1,1,1,1,1,1,1,1,1,1,6,6,1,1,6,1,1,1,6,6,9,1,7,7,9,1,1,6,6,1,6,9,9,9,9,9,9,9,9,9,6,1,9,1,1,1,1,6,6,9,1,1,1,1,6,7,6,1,7,7,7,7,1,6,6,6,6,6,6,6,6,9,9,7,1,1,1,6,7,1,7,1,6,1,1,6,9,6,6,6,6,1,6,6,6,6,1,6,1,7,1,7,1,1,9,9,9,9,9,9,9,9,1,1,9,9,9,1,9,7,1,6,6,6,6,6,6,6,6,6,6,1,1,1,7,7,6,1,1,6,6,6,1,6,1,1,9,6,1,1,1,9,9,6,6,6,6,6,6,6,9,9,9,9,9,9,9,6,6,6,9,9,9,9,9,9,9,9,9,9,9,9,9,9,9,9,9,9,9,9,9,9,9,9,9,1,6,7,1,1,1,1,1,1,1,1,1,6,6
 Chile                 ,Other,1,6,6,1,6,1,1,1,1,1,6,6,7,6,6,1,7,6,6,1,1,1,7,6,1,1,1,1,1,1,1,1,1,7,7,7,1,1,1,1,1,7,1,1,6,1,6,6,6,1,1,1,6,1,1,6,6,7,1,1,1,1,1,1,1,1,1,1,1,7,7,7,1,1,7,6,6,9,1,1,1,1,6,7,6,6,7,7,7,7,7,6,6,6,6,6,6,6,6,1,6,6,1,1,1,6,6,6,6,1,6,1,1,6,1,6,6,6,7,1,6,6,6,6,1,6,1,1,7,1,1,1,6,1,1,6,6,6,6,6,1,1,1,1,1,1,1,1,7,7,7,7,6,7,7,6,6,7,6,1,1,1,7,7,7,1,1,7,6,6,1,6,1,1,6,6,1,1,1,1,6,6,6,6,6,6,6,6,6,6,6,1,1,1,1,6,6,6,6,6,7,7,7,7,7,7,7,7,7,7,7,7,6,6,1,1,7,7,7,7,7,7,1,1,7,1,7,7,7,7,7,7,7,7,7,1,6
 Argentina             ,Other,1,6,6,7,1,1,1,1,1,1,6,6,6,1,1,6,1,1,1,6,6,1,1,6,1,1,1,1,1,1,1,1,1,6,1,1,7,1,1,1,1,7,1,1,1,1,6,6,6,1,6,6,6,1,1,6,6,1,1,1,1,1,1,1,1,6,6,6,6,1,7,6,1,1,7,6,6,7,7,1,1,1,6,6,6,1,1,1,1,1,1,7,7,7,7,7,7,7,7,1,6,6,1,1,1,6,6,6,1,1,6,1,1,6,1,6,7,6,7,1,7,7,7,7,1,6,1,7,1,1,1,1,7,7,1,1,6,6,6,6,1,1,9,9,9,1,7,7,1,6,6,6,6,6,6,6,6,6,6,1,1,1,6,6,1,1,1,6,6,6,1,6,1,1,1,6,1,1,7,1,1,7,6,6,6,7,7,6,6,6,6,1,1,1,1,6,6,6,7,7,7,7,7,7,7,7,7,7,7,7,7,1,6,6,1,7,7,6,7,7,7,6,9,1,6,6,1,1,1,1,1,1,1,1,1,9,7
 Uruguay               ,Other,1,7,1,1,1,1,1,1,1,1,6,6,6,1,1,6,1,1,6,1,1,1,1,6,1,1,1,1,1,1,1,1,1,1,1,1,6,1,7,7,1,1,6,1,7,1,6,6,6,1,1,1,6,1,1,6,6,6,1,1,1,1,1,1,1,1,1,1,7,1,1,9,9,9,1,6,6,6,1,1,1,1,6,7,6,1,1,1,1,1,6,6,6,7,7,6,6,6,6,1,6,6,1,1,1,6,6,6,7,1,6,1,1,6,1,6,6,6,7,1,6,6,6,7,1,6,1,6,1,1,1,1,6,1,1,6,9,9,6,6,1,1,1,1,1,1,1,1,6,7,7,7,7,7,7,7,6,7,6,1,1,1,1,1,7,1,6,6,6,6,1,6,6,1,6,6,1,1,1,1,1,7,7,7,6,7,7,6,6,6,7,1,1,1,1,6,6,6,6,6,7,7,1,7,1,1,7,7,7,6,7,1,6,6,1,1,1,6,1,7,1,1,1,1,7,1,6,6,6,6,6,6,6,6,6,6,6
 United Kingdo,Other,6,6,6,6,1,1,1,1,1,7,6,6,6,7,7,6,1,1,1,6,1,1,1,6,1,1,1,1,1,1,1,1,7,1,1,1,6,1,6,6,1,1,6,1,1,1,6,6,6,1,7,6,6,1,1,6,6,1,6,1,1,1,1,1,1,1,1,1,6,1,1,6,6,7,7,6,6,6,1,1,1,1,6,7,6,6,6,6,6,6,1,6,6,6,6,6,6,6,6,6,6,6,1,6,1,6,1,1,6,1,6,6,6,1,1,6,6,6,6,1,6,6,6,6,1,6,1,6,1,1,1,1,1,7,1,1,7,6,6,6,1,1,1,1,1,7,1,7,7,6,6,6,6,6,6,6,6,6,6,1,1,1,1,1,6,1,1,1,1,1,6,6,1,1,1,6,6,6,6,1,6,6,6,6,6,6,6,6,6,6,6,1,1,1,1,6,6,6,7,7,7,7,7,7,7,7,7,7,7,6,6,6,1,1,6,1,6,6,7,6,7,7,7,7,7,1,6,6,6,6,6,6,6,6,6,1,1
 Netherlands           ,Other,6,6,1,6,9,1,1,1,9,6,6,6,6,6,1,6,1,1,1,6,7,1,1,6,1,1,1,1,1,1,1,1,7,1,7,7,6,1,6,6,1,1,6,1,1,1,6,6,6,1,1,1,6,1,1,6,6,6,1,1,1,1,1,1,1,1,6,1,6,1,7,6,6,7,1,6,6,6,1,1,1,1,6,6,6,6,6,6,6,6,1,6,6,6,7,6,6,6,6,6,6,6,1,6,6,6,6,1,1,1,6,6,6,6,1,6,6,6,6,1,6,6,6,6,1,6,1,6,1,1,1,1,1,6,1,1,6,6,6,6,1,1,1,1,1,1,1,1,7,6,6,6,6,6,6,6,6,6,6,1,1,1,1,1,7,1,1,1,1,6,6,6,1,1,1,6,1,1,7,1,6,6,6,6,6,6,6,6,6,6,6,1,1,1,1,6,6,6,6,6,6,6,6,6,6,6,6,6,6,6,6,6,1,1,1,1,6,6,7,6,6,6,7,7,1,1,7,7,6,7,7,7,7,6,7,1,1
 Belgium               ,Other,1,6,6,6,1,1,1,1,1,1,6,6,6,6,7,7,7,1,1,6,1,1,1,6,1,1,1,1,1,1,1,1,1,1,7,1,6,1,6,1,7,1,6,1,1,1,6,6,6,1,6,6,6,1,1,6,6,6,1,1,1,1,1,1,1,1,1,1,6,1,1,6,6,7,1,1,6,6,1,1,1,1,6,1,1,6,6,6,6,6,1,6,6,6,6,6,6,6,6,6,6,6,1,6,6,1,1,7,7,6,6,6,6,7,1,6,6,6,6,1,6,6,6,6,1,6,1,7,1,1,1,1,1,6,1,1,6,6,6,6,1,1,1,1,1,7,7,1,7,6,6,6,6,6,6,6,6,6,6,1,1,1,1,1,7,1,1,1,7,6,6,6,1,1,1,6,7,7,6,1,6,6,6,6,6,6,6,6,6,6,6,1,1,1,1,6,6,6,6,6,6,6,6,6,6,6,6,6,6,6,6,6,1,1,7,6,6,6,6,6,6,6,9,1,6,6,1,1,1,1,1,1,1,1,1,6,6
 Luxembourg            ,Other,6,6,6,6,1,1,1,1,9,1,9,9,9,6,1,6,1,1,1,6,1,1,1,6,1,1,1,1,1,1,1,1,1,1,7,1,6,1,6,1,7,1,6,1,1,1,6,6,6,1,7,1,6,1,1,6,6,6,1,1,1,1,1,1,1,1,1,1,6,1,9,6,6,7,1,7,7,6,1,1,1,1,6,7,6,6,6,6,6,6,1,6,6,6,6,6,6,6,6,6,6,6,1,6,7,6,1,6,6,6,6,6,6,7,1,6,6,6,6,1,6,6,6,6,1,6,1,7,1,1,1,1,1,7,1,1,6,6,6,6,1,1,1,1,1,1,9,1,7,6,6,6,6,6,6,6,6,6,6,1,1,1,1,1,7,1,1,1,7,6,6,6,1,1,1,6,1,7,6,1,6,6,6,6,6,6,6,6,6,6,6,1,1,1,1,6,6,6,9,9,9,9,9,9,9,9,9,9,9,9,9,6,1,1,1,6,6,6,6,6,6,6,1,1,6,6,1,1,1,1,1,1,1,1,1,6,6
 France                ,Other,6,7,1,6,6,1,1,1,1,6,1,6,6,6,6,1,7,7,6,1,1,1,7,6,1,1,1,1,1,1,1,1,7,1,6,7,6,1,1,1,6,1,1,1,1,1,6,6,6,1,1,1,6,1,1,6,6,6,1,1,1,1,1,1,1,1,1,1,1,6,1,1,1,1,1,1,7,6,1,1,1,1,6,7,7,6,6,6,6,6,7,6,6,7,7,7,6,6,6,6,6,6,1,6,7,7,1,1,1,1,6,6,6,6,1,6,6,7,6,1,6,6,6,7,1,6,1,7,1,1,1,1,1,7,1,6,7,7,6,6,1,1,1,1,1,1,1,1,7,1,1,1,1,7,1,6,6,6,6,1,1,1,7,7,7,1,1,1,6,6,1,6,6,1,1,6,1,7,6,1,6,7,6,6,6,7,6,6,6,6,6,7,1,1,7,6,6,6,7,7,7,7,7,7,7,7,7,7,7,7,7,6,1,1,6,7,6,6,7,6,6,6,1,1,1,6,1,1,1,1,1,1,1,1,1,6,7
 Poland                ,WP,1,1,6,6,6,1,1,1,1,6,1,1,1,6,6,1,6,6,6,1,1,7,6,1,6,6,7,7,6,6,6,6,1,6,6,1,1,1,1,1,6,6,1,6,6,6,1,1,1,6,6,1,1,6,6,1,1,6,1,6,6,6,6,6,6,1,1,1,1,6,1,6,6,7,1,1,1,1,6,6,7,7,1,7,7,1,1,1,1,1,6,1,1,1,1,1,1,1,1,1,1,1,7,6,6,1,6,7,7,6,7,6,6,1,6,1,1,1,1,1,1,1,1,1,7,1,6,7,6,1,7,6,6,1,1,6,1,1,1,1,6,6,7,6,6,1,6,7,6,1,1,1,1,1,1,1,1,1,6,6,6,6,6,6,6,6,6,6,6,6,6,9,1,6,6,1,1,1,1,1,1,1,1,1,1,1,1,1,1,1,1,7,6,6,7,1,1,1,1,1,1,1,1,1,1,1,1,1,1,1,1,1,6,6,1,1,1,1,1,1,1,6,6,6,6,6,1,1,1,1,1,1,1,1,1,6,1
 Czechoslovaki         ,WP,1,1,7,6,6,1,1,1,1,6,1,1,1,6,6,1,6,6,6,1,1,7,6,1,7,7,7,7,7,7,7,7,1,1,1,7,7,1,1,1,6,7,1,6,6,6,1,1,1,6,7,1,1,6,6,1,1,6,1,6,6,6,6,6,6,1,1,1,1,6,1,6,6,7,1,1,1,1,6,6,7,7,1,6,6,1,1,1,1,1,6,1,1,1,1,1,1,1,1,1,1,1,7,6,6,1,6,6,7,6,1,6,6,1,6,1,1,1,1,1,1,1,1,1,7,1,6,7,6,1,7,6,6,1,1,6,1,1,1,1,6,6,1,6,6,1,6,7,6,1,1,1,1,1,1,1,1,1,6,6,6,6,6,6,6,6,6,6,6,6,6,7,1,6,6,1,1,1,1,1,1,1,1,1,1,1,1,1,1,1,1,7,6,6,7,1,1,1,1,1,1,1,1,1,1,1,1,1,1,1,1,1,6,6,1,1,1,1,1,1,1,6,9,6,6,6,1,1,1,1,1,1,1,1,1,6,1
 Yugoslavia            ,WP,6,1,1,6,6,1,1,1,1,6,1,1,1,9,9,1,6,6,6,1,1,6,6,1,6,6,6,6,6,6,6,6,1,6,6,7,1,1,1,1,7,6,1,6,6,6,1,1,1,6,1,1,1,6,6,1,1,6,1,6,6,6,6,6,6,1,1,1,1,6,1,6,6,7,7,1,1,1,6,6,7,7,1,7,7,1,1,1,1,1,6,1,1,1,1,1,1,1,1,1,1,1,7,6,6,1,6,7,7,6,1,6,6,1,6,1,1,1,1,1,1,1,1,1,7,1,6,7,6,1,7,6,6,1,1,6,1,1,1,1,6,6,1,6,6,1,6,7,6,1,1,1,1,1,1,1,1,1,6,6,6,6,6,6,6,6,7,6,6,6,6,9,6,7,6,1,1,1,1,1,1,1,1,1,1,6,1,1,1,1,6,7,6,7,7,7,7,1,1,1,1,1,1,1,1,1,1,1,1,1,1,1,6,6,1,1,1,1,1,1,1,7,9,6,1,1,6,6,6,6,6,6,6,6,6,7,1
 Greece                ,Other,6,6,6,6,9,1,1,1,1,6,6,6,6,6,6,6,1,1,1,6,7,1,1,6,1,1,1,1,1,1,1,1,7,1,7,7,6,1,7,7,1,1,6,1,9,1,6,6,6,1,7,6,6,1,1,6,6,7,7,1,1,1,1,1,1,7,6,7,6,1,7,7,7,7,6,6,6,6,1,1,1,1,6,7,6,6,6,6,6,6,1,6,6,6,6,6,6,6,6,6,6,6,1,1,1,6,7,7,6,1,6,1,1,6,1,6,6,6,6,1,6,6,6,6,1,6,1,6,1,1,1,1,1,7,7,1,7,7,6,6,1,1,1,1,1,7,1,7,1,6,6,6,6,6,6,6,6,1,6,1,1,1,1,1,7,1,1,1,1,7,7,6,1,1,1,7,1,1,1,1,6,6,6,6,6,6,6,6,6,6,6,1,1,7,1,6,6,6,6,6,6,9,9,9,9,9,9,9,7,6,6,7,7,7,1,6,6,6,7,6,6,6,1,1,6,6,1,1,1,1,1,1,1,1,1,7,6
 Russian Fed           ,WP,6,1,1,6,6,1,1,1,1,6,1,1,1,6,6,1,6,6,6,1,1,6,6,1,6,6,6,6,6,6,6,6,1,6,6,7,1,1,1,1,7,6,1,6,6,6,1,1,1,6,1,1,1,6,6,1,1,6,1,6,6,6,6,6,6,1,1,1,1,6,1,6,6,7,1,1,1,1,6,6,7,7,1,6,6,1,1,1,1,1,6,1,1,1,1,1,1,1,1,1,1,1,7,6,6,1,6,7,7,6,1,6,6,1,6,1,1,1,1,1,1,1,1,1,7,1,6,7,6,1,7,6,6,1,1,6,1,1,1,1,6,6,7,6,6,1,6,7,6,1,1,1,1,1,1,1,1,1,6,6,6,6,6,6,6,6,6,6,6,6,6,9,1,6,6,1,1,1,1,1,1,1,1,1,1,1,1,1,1,1,1,7,6,6,7,1,1,1,1,1,1,1,1,1,1,1,1,1,1,1,1,1,6,6,1,1,1,1,1,1,1,6,6,6,6,6,1,1,1,1,1,1,1,1,1,6,1
 Ukraine               ,WP,6,1,1,6,6,1,1,1,1,6,1,1,1,6,6,1,6,6,6,1,1,6,6,1,6,6,6,6,6,6,6,6,1,6,6,7,1,1,1,1,6,6,1,6,6,6,1,1,1,6,1,1,1,6,6,1,1,6,1,6,6,6,6,6,6,1,1,1,1,6,1,6,6,7,1,1,1,1,6,6,7,7,1,6,6,1,1,1,1,1,6,1,1,1,1,1,1,1,1,1,1,1,7,6,6,1,6,6,7,6,1,6,6,1,6,1,1,1,1,1,1,1,1,1,7,1,6,7,6,1,7,6,6,1,1,6,1,1,1,1,6,6,7,6,6,1,6,7,6,1,1,1,1,1,1,1,1,1,6,6,6,6,6,6,6,6,6,6,6,6,6,1,1,6,6,1,1,1,1,1,1,1,1,1,1,1,1,1,1,1,1,7,6,6,7,1,1,1,1,1,1,1,1,1,1,1,1,1,1,1,1,1,6,6,1,1,1,1,1,1,1,6,6,6,6,6,1,1,1,1,1,1,1,1,1,6,1
 Belarus               ,WP,6,1,1,6,6,1,1,1,1,6,1,1,1,6,6,1,6,6,6,1,1,6,6,1,6,6,6,6,6,6,6,6,1,6,6,7,1,1,1,1,6,6,1,6,6,6,1,1,1,6,7,1,1,6,6,1,1,6,1,6,6,6,6,6,6,1,1,1,1,6,1,6,6,7,1,1,1,1,6,6,7,7,1,6,6,1,1,1,1,1,6,1,1,1,1,1,1,1,1,1,1,1,7,6,6,1,6,7,7,6,1,6,6,1,6,1,1,1,1,1,1,1,1,1,7,1,6,7,6,1,7,6,6,1,1,6,1,1,1,1,6,6,1,6,6,1,6,7,6,1,1,1,1,1,1,1,1,1,6,6,6,6,6,6,6,6,6,6,6,6,6,9,1,6,6,1,1,1,1,1,1,1,1,1,1,1,1,1,1,1,1,7,6,6,7,1,1,1,1,1,1,1,1,1,1,1,1,1,1,1,1,1,6,6,1,1,1,1,1,1,1,6,6,6,6,6,1,1,1,1,1,1,1,1,1,6,1
 Sweden                ,Other,9,9,9,9,9,9,9,9,9,9,9,9,9,9,9,9,9,1,1,7,1,7,9,6,1,1,1,1,1,1,1,1,1,1,1,1,6,1,1,1,1,7,7,1,6,7,7,6,6,1,1,1,6,1,1,6,7,6,1,1,1,1,1,1,1,1,1,1,6,1,1,7,1,1,1,1,6,6,1,1,1,1,6,6,6,6,6,6,6,6,7,6,6,6,6,6,6,6,6,1,6,6,1,6,7,6,6,6,7,1,6,6,6,7,1,6,6,6,6,1,6,6,6,6,1,6,1,7,1,7,1,7,1,7,1,1,6,6,6,6,1,1,1,1,1,7,1,1,7,6,6,6,6,6,6,6,7,7,7,7,7,7,7,7,7,7,7,7,7,7,7,6,1,1,1,6,1,1,1,1,6,6,6,6,6,6,6,6,7,7,7,7,7,7,7,6,6,6,6,7,7,7,7,7,7,7,7,7,7,7,7,6,1,1,7,1,6,6,7,6,6,6,7,7,6,1,6,6,6,6,6,6,6,6,6,6,1
 Norway                ,Other,6,1,6,6,6,7,1,1,1,6,1,6,1,1,6,6,1,1,6,1,1,7,7,6,1,1,1,1,1,1,1,1,9,1,1,1,6,1,1,1,1,1,7,1,6,7,7,6,6,1,1,1,6,1,1,6,7,6,1,1,1,1,1,1,1,1,1,1,6,1,1,7,1,1,1,1,6,6,1,1,1,1,6,6,6,6,6,6,6,6,7,6,6,6,6,6,6,6,6,1,6,6,1,6,7,6,6,6,6,1,6,6,6,1,1,6,6,6,6,1,6,6,6,6,1,6,1,7,1,1,1,1,1,7,1,1,6,6,6,6,1,1,1,1,1,1,1,1,6,6,6,6,6,6,6,6,6,1,6,1,1,1,1,1,6,1,1,7,1,1,6,1,1,1,1,6,1,1,1,1,6,6,6,6,6,6,6,6,6,6,6,1,1,1,1,6,6,6,6,7,7,7,7,7,7,7,7,7,7,7,7,6,1,1,1,1,6,6,7,6,6,7,7,7,1,1,6,6,6,6,6,6,6,6,6,7,1
 Denmark               ,Other,6,7,6,6,6,7,1,1,1,6,1,6,1,6,6,6,1,1,1,7,1,1,7,6,1,1,1,1,1,1,1,1,1,1,1,1,6,1,1,1,1,1,6,1,1,7,7,6,6,1,1,1,6,1,1,6,7,6,7,1,1,1,1,1,1,1,1,1,6,1,1,6,6,1,1,1,7,6,1,1,1,1,6,6,6,6,6,6,6,6,7,6,6,6,6,6,6,6,6,1,6,7,1,6,7,6,1,1,6,1,6,6,6,1,1,6,6,6,6,1,6,6,6,6,1,6,1,1,1,1,1,1,1,7,1,1,6,6,6,6,1,1,1,1,1,7,1,1,7,6,6,6,6,6,6,6,6,1,6,1,1,1,1,1,6,1,1,7,1,1,6,6,1,1,1,6,1,1,1,1,6,6,6,6,6,6,6,6,6,6,6,1,1,1,1,6,6,6,6,6,6,6,6,6,6,6,6,6,6,6,6,7,1,1,7,1,7,7,1,7,1,1,9,7,1,1,6,6,6,6,6,6,6,6,6,6,1
 Iceland               ,Other,9,9,9,9,9,9,9,9,9,9,9,9,9,9,9,9,9,1,6,1,1,1,7,6,1,1,1,1,1,1,1,1,1,1,7,7,6,1,6,1,1,1,6,1,1,1,6,6,6,1,1,1,6,1,1,6,6,6,1,1,1,1,1,1,1,1,1,1,1,6,9,9,9,9,1,6,6,6,1,1,1,1,9,9,9,6,6,6,6,6,7,9,9,6,6,6,6,6,6,6,9,9,9,6,1,6,6,7,7,1,6,6,6,9,1,6,6,6,6,1,6,6,6,6,1,6,1,7,1,1,1,1,9,9,9,9,9,9,9,9,1,1,9,9,9,1,9,1,1,6,6,6,6,6,6,6,6,6,6,1,1,1,1,1,6,1,1,1,1,7,6,6,9,1,1,9,1,1,9,1,6,6,6,6,6,6,6,6,6,6,6,1,1,1,1,6,6,6,7,7,7,7,7,7,7,7,7,7,7,7,7,7,1,1,7,9,9,9,9,9,9,9,9,9,1,1,6,6,6,6,6,6,6,6,6,6,6
 Liberia               ,Other,6,7,6,6,9,1,7,1,1,9,6,6,6,1,1,6,1,6,6,1,1,7,1,7,6,6,6,6,6,6,6,6,9,6,7,7,9,1,9,9,9,1,6,1,6,1,6,6,1,6,1,1,1,6,6,1,7,1,6,1,1,1,1,1,1,1,1,1,1,6,9,1,1,1,1,6,6,9,1,1,1,1,6,7,7,9,9,9,9,9,9,6,7,6,7,6,6,6,6,1,6,7,1,9,9,6,6,6,1,1,7,1,1,9,1,1,6,1,1,1,7,6,7,7,1,7,1,6,1,7,1,1,6,1,1,7,7,7,6,6,1,1,1,1,1,1,1,1,1,7,7,7,6,6,6,6,1,1,7,1,1,7,1,1,6,6,1,1,1,1,7,6,1,1,6,6,1,1,1,1,7,7,6,6,6,6,6,6,6,1,6,1,7,7,1,6,6,6,7,7,9,7,7,7,7,7,7,1,7,6,6,1,6,6,1,1,1,1,1,1,1,7,9,9,6,6,1,1,1,1,1,1,1,1,1,9,6
 Ethiopia              ,Other,1,7,6,7,9,9,1,1,1,1,1,7,1,1,1,6,1,6,6,1,1,1,7,7,1,1,1,1,1,1,1,1,1,1,6,7,1,1,7,7,1,7,9,7,7,1,7,6,7,6,1,1,1,6,6,1,7,6,1,6,6,6,6,6,6,1,1,1,1,6,7,1,1,1,7,1,7,7,1,1,1,1,7,1,7,1,1,7,7,7,6,6,7,7,7,6,7,6,7,7,6,6,1,9,9,6,1,1,6,7,6,1,1,6,1,7,6,7,7,1,7,7,6,7,1,6,1,7,1,1,1,1,6,1,1,1,7,7,6,6,9,9,1,1,1,6,1,9,7,7,7,7,7,7,7,6,7,1,7,1,1,7,1,1,6,6,1,1,1,7,7,6,7,1,7,1,1,1,1,1,7,6,6,6,6,6,6,6,7,1,6,1,6,7,6,6,6,7,7,7,7,7,7,7,1,7,7,7,7,7,7,1,6,6,1,9,9,9,9,9,9,9,9,7,6,6,1,1,1,1,1,1,1,1,1,6,6
 South Africa          ,Other,6,6,1,6,6,1,1,1,1,1,6,6,6,7,1,6,1,1,1,6,7,1,1,6,1,1,1,1,1,1,1,1,7,1,6,7,6,1,6,6,1,1,6,1,1,1,6,6,6,1,6,6,6,1,1,6,6,6,6,1,1,1,1,1,1,7,6,7,6,1,7,7,6,7,1,6,7,6,9,9,9,9,6,7,6,6,6,6,6,6,1,6,6,6,6,6,6,6,6,6,6,6,1,6,7,7,1,6,1,6,6,7,7,6,1,7,7,7,6,1,7,7,7,7,7,6,1,7,1,7,1,1,1,6,1,1,6,6,6,6,7,7,9,9,9,1,1,6,1,6,6,6,6,6,6,6,6,6,6,1,1,1,1,1,7,1,6,6,6,7,1,6,6,1,1,6,9,9,6,1,6,6,6,6,6,6,6,6,6,6,6,1,1,1,1,6,6,6,9,9,9,9,9,9,9,9,9,9,9,9,9,6,1,1,7,6,6,6,6,6,6,6,9,6,6,1,6,6,6,6,6,6,6,6,6,1,6
 Iran (Islamic         ,Other,1,7,1,1,1,9,1,1,1,1,7,7,1,7,1,7,7,6,6,1,1,1,1,7,1,1,1,1,1,1,1,1,1,7,7,7,1,1,7,7,7,1,6,1,6,1,7,7,7,6,1,1,9,6,6,1,7,1,7,1,1,1,1,1,1,1,1,1,1,6,6,1,1,1,6,7,7,7,1,1,1,1,7,9,7,1,1,1,1,1,7,7,7,7,7,7,7,7,7,1,7,6,1,1,1,6,6,6,1,1,6,7,1,6,1,6,6,6,7,1,6,6,6,6,1,6,1,6,7,1,1,1,6,1,1,1,7,7,6,6,7,7,1,7,7,6,7,1,7,7,7,7,7,7,7,6,1,1,1,7,7,7,7,7,7,7,1,7,7,1,6,6,1,1,1,1,1,1,1,1,7,7,7,6,6,6,7,6,7,1,7,1,1,1,1,6,6,7,7,7,7,7,7,7,7,1,7,7,7,7,7,1,7,7,1,1,1,1,1,1,1,1,1,1,7,6,1,1,1,1,1,1,1,1,1,6,6
 Turkey                ,Other,1,6,1,6,1,1,1,1,1,6,6,6,6,6,1,6,1,1,1,7,7,1,1,6,1,1,1,1,1,1,1,1,7,1,1,1,7,1,6,6,1,7,6,1,1,1,6,6,6,1,6,6,6,1,7,7,6,6,6,1,1,1,1,1,1,7,6,7,1,6,1,7,7,7,6,7,7,6,1,1,1,1,6,7,6,6,6,6,6,6,1,6,6,6,6,6,6,6,6,6,6,6,1,7,1,6,6,6,6,1,6,1,1,6,1,6,7,6,6,1,6,6,6,6,1,6,1,7,1,1,1,1,7,7,1,1,7,6,6,6,9,9,1,1,1,7,1,1,1,6,6,6,6,6,6,6,1,1,7,1,7,7,1,1,6,1,1,1,1,7,7,6,1,1,7,6,1,1,1,1,6,6,6,6,6,6,6,6,6,6,6,1,1,1,1,6,6,6,6,6,7,6,7,6,7,7,6,7,7,7,6,6,9,9,7,1,6,7,1,7,1,6,1,1,7,7,6,6,6,6,6,6,6,6,6,7,6
 Iraq                  ,Other,7,6,1,7,1,1,1,1,1,6,6,1,7,6,6,1,7,6,6,1,9,1,1,7,1,1,1,1,1,1,1,1,1,6,6,1,1,6,6,6,6,7,6,7,7,1,7,7,7,6,1,1,1,7,6,7,7,1,1,1,1,1,1,1,1,7,7,7,1,6,6,1,1,1,6,6,7,7,1,1,1,1,9,9,9,1,1,1,1,1,1,7,7,7,7,7,7,7,7,9,7,7,1,1,1,6,7,1,1,1,7,1,1,6,1,9,7,7,1,1,7,6,6,6,1,6,1,6,6,1,9,1,6,1,6,1,7,7,6,6,7,7,9,9,9,6,9,1,1,7,7,6,6,6,6,6,1,1,1,6,6,6,7,7,6,6,6,1,6,1,6,7,7,1,6,1,1,1,1,1,7,7,6,6,6,6,6,6,1,1,7,1,1,1,1,6,6,7,7,7,7,7,9,9,9,9,9,9,9,9,9,1,6,6,1,1,1,1,1,1,1,1,7,7,6,6,1,1,1,1,1,1,1,1,1,6,6
 Egypt                 ,Other,7,6,1,7,1,1,1,1,1,6,9,9,9,6,6,7,7,6,6,1,7,7,1,7,1,1,1,1,1,1,1,1,1,6,1,1,1,6,6,6,6,7,6,7,6,7,1,7,7,1,1,1,1,1,6,7,1,7,1,1,1,1,1,1,1,7,7,7,1,6,6,1,1,1,6,6,7,7,1,1,1,1,6,7,7,7,7,7,7,7,1,9,9,6,7,6,7,6,6,1,6,6,1,1,1,6,1,1,6,6,6,7,1,1,1,7,6,6,7,1,7,6,7,7,1,6,1,6,6,1,1,1,6,1,6,1,7,7,6,6,1,1,1,1,1,6,7,1,1,7,6,6,6,6,6,6,1,1,1,6,6,6,7,7,6,6,1,1,6,1,6,7,1,1,6,1,1,1,1,1,1,6,6,6,6,6,6,6,1,1,6,1,1,1,1,6,6,7,7,7,7,7,1,7,1,1,7,1,1,7,7,1,6,6,1,1,1,1,1,1,1,1,7,1,6,6,1,1,1,1,1,1,1,1,1,6,7
 Syrian Arab R         ,Other,1,6,1,6,1,1,1,1,1,6,6,7,7,6,6,7,7,6,6,1,7,1,1,6,1,1,1,1,1,1,1,1,1,6,1,1,1,6,6,6,6,7,6,7,7,7,7,7,1,6,1,1,1,7,1,7,7,6,1,9,9,9,9,9,9,9,9,9,1,6,6,1,1,1,6,7,7,9,1,1,7,7,6,1,1,1,7,1,1,1,9,6,9,7,7,6,7,9,9,1,6,6,1,7,7,6,7,6,1,1,6,7,1,6,9,1,6,7,1,1,6,6,6,6,1,6,1,6,6,1,1,1,6,1,6,1,9,9,9,9,7,7,7,7,7,6,7,1,1,7,6,6,6,6,6,6,1,1,1,6,6,6,7,7,6,6,7,7,6,1,6,7,1,1,6,1,1,1,1,1,7,7,7,6,6,6,6,6,1,7,1,1,1,1,1,6,6,6,7,7,7,7,7,7,1,1,7,1,1,7,7,9,6,6,1,1,1,1,1,1,1,1,1,7,6,6,1,1,1,1,1,1,1,1,1,6,7
 Lebanon               ,Other,7,6,1,1,1,1,1,9,1,6,9,9,9,6,6,7,7,1,6,1,7,1,1,6,1,1,1,1,1,1,1,1,1,6,1,1,1,6,6,6,1,1,6,7,7,7,7,7,1,6,1,1,1,7,7,7,7,1,1,1,1,1,1,1,1,7,7,7,1,6,6,1,1,1,6,6,6,7,9,1,1,1,6,7,6,1,7,7,7,7,1,6,7,7,7,6,7,7,7,6,9,6,1,1,1,6,1,1,7,7,6,1,1,6,1,1,6,7,1,1,6,6,6,6,1,6,1,1,6,1,9,1,6,1,6,1,9,9,9,9,1,1,1,1,1,6,1,1,1,7,6,6,6,6,6,6,1,1,1,6,6,6,7,7,6,6,1,1,6,1,6,6,6,1,1,1,1,1,1,1,7,7,6,6,6,6,6,6,1,7,7,1,1,1,1,6,6,6,7,7,1,7,7,9,1,1,7,1,1,7,7,1,6,6,1,1,1,1,1,1,1,1,1,1,6,6,1,1,1,1,1,1,1,1,1,6,7
 Israel                ,Other,9,9,9,9,9,9,9,9,9,9,9,9,9,9,9,9,9,9,9,9,9,9,9,9,9,9,9,9,9,9,9,9,9,9,9,9,9,9,9,9,9,9,9,9,9,9,9,9,9,9,9,9,9,9,9,9,9,9,9,9,9,9,9,9,9,9,9,9,9,9,9,9,9,9,9,9,9,9,9,9,9,9,9,9,9,9,9,9,9,9,9,9,9,9,9,9,9,9,9,9,9,9,9,9,9,9,9,9,9,9,9,9,9,9,9,9,9,9,9,9,9,9,9,9,9,9,9,9,9,9,9,9,9,9,9,9,9,9,9,9,9,9,9,9,9,9,9,1,6,7,7,1,7,9,7,7,7,1,7,6,7,7,7,7,6,7,7,6,6,1,6,6,1,7,6,1,1,1,1,1,7,7,7,7,7,7,7,7,7,7,7,1,1,1,1,6,6,7,7,7,7,7,7,7,7,7,7,7,7,7,7,1,6,6,1,7,7,7,7,7,7,7,9,7,1,1,6,6,6,6,6,6,6,6,6,1,1
 Saudi Arabia          ,Other,7,6,1,7,1,9,1,1,1,6,6,7,7,6,6,7,7,6,6,1,7,1,1,7,1,1,1,1,1,1,1,1,1,6,1,1,1,6,6,6,6,7,6,7,7,7,7,7,7,6,1,1,1,7,6,7,7,1,1,9,9,9,9,9,9,7,7,7,1,6,6,7,1,1,6,6,7,7,9,9,9,9,6,6,6,7,7,7,7,7,1,6,7,6,6,6,6,7,6,1,6,7,1,1,7,7,1,6,1,1,6,1,1,6,9,1,6,1,1,1,7,7,7,7,7,6,1,6,6,1,1,9,6,1,6,1,7,7,6,6,7,7,7,7,7,6,7,1,1,7,7,6,6,6,6,6,1,1,1,6,6,6,7,7,6,6,6,1,6,1,6,7,7,7,6,1,1,1,1,1,1,7,7,6,6,6,6,6,1,7,1,1,1,1,1,6,6,6,7,7,7,7,7,7,1,1,7,1,1,7,7,1,6,6,1,1,1,1,1,1,1,1,1,1,6,6,1,1,1,1,1,1,1,1,1,6,7
 Yemen Arab Re         ,Other,9,9,9,9,9,9,9,9,9,9,9,9,9,9,9,9,9,9,9,9,9,9,9,9,9,9,9,9,9,9,9,9,9,9,9,9,9,9,9,9,9,9,9,9,7,7,7,7,7,9,1,9,9,7,7,7,7,7,1,9,9,9,9,9,9,9,9,9,1,6,6,1,1,1,6,7,7,7,9,9,9,9,6,7,7,1,7,1,1,1,1,7,7,7,7,7,7,7,7,9,6,6,1,9,9,6,1,7,1,1,6,1,1,6,1,7,6,7,1,1,9,9,9,9,9,6,1,6,6,1,1,1,6,1,6,1,7,7,6,6,7,7,1,7,7,6,9,1,1,7,7,6,6,6,6,6,1,1,1,6,6,6,7,7,6,6,7,1,6,1,6,7,7,7,6,1,1,1,1,1,1,1,7,7,7,7,7,6,1,1,1,1,1,1,1,9,6,7,9,7,7,7,7,7,1,1,7,7,7,7,1,1,6,6,1,1,1,1,7,1,1,1,7,7,6,6,1,1,1,1,1,1,1,1,1,7,7
 Afghanistan           ,Other,9,9,9,9,9,9,9,9,9,9,9,9,9,9,9,9,9,1,7,1,7,1,1,9,9,9,9,9,9,9,9,9,1,7,7,7,7,1,6,1,6,7,6,7,6,7,7,7,1,7,1,1,9,6,7,1,7,1,6,7,1,1,1,1,1,7,7,7,1,6,1,9,9,9,6,7,7,7,1,1,1,1,7,1,7,1,1,1,1,1,7,7,7,7,7,6,7,7,7,1,7,7,1,7,1,7,6,7,7,1,7,7,7,7,1,7,7,7,7,1,7,7,7,7,1,6,1,6,6,1,1,1,6,1,7,1,7,7,7,7,7,7,7,7,7,6,7,1,7,7,7,7,7,7,7,6,1,1,1,7,9,9,9,9,9,9,9,9,9,9,6,6,7,7,7,1,1,1,1,1,1,7,7,6,7,7,7,6,1,1,1,1,1,1,1,6,6,7,9,9,9,9,9,9,9,9,9,9,9,9,9,1,6,6,1,1,1,1,1,1,1,1,7,7,6,6,1,1,1,1,1,1,1,1,1,6,1
 Taiwan                ,Other,6,7,1,6,6,1,1,1,1,1,7,7,7,7,1,6,1,6,6,1,1,1,7,6,1,1,1,1,1,1,1,1,1,6,7,1,1,1,7,7,1,1,1,1,7,1,7,6,7,6,1,1,1,6,6,1,6,1,6,1,1,1,1,1,1,1,1,1,1,6,7,1,1,1,7,7,7,6,1,1,1,1,6,1,7,1,1,1,1,1,7,6,6,6,6,6,6,6,6,1,6,6,1,7,7,6,1,1,6,1,7,6,6,6,1,1,6,6,7,1,6,6,6,6,1,6,1,6,1,1,1,1,6,1,1,6,6,6,6,6,7,7,1,1,1,1,7,1,7,6,6,6,6,6,6,6,1,1,7,7,7,7,7,7,6,7,7,6,7,6,7,6,1,1,1,1,1,1,1,1,6,6,6,6,6,6,6,6,6,6,6,1,1,1,1,6,6,6,6,6,7,7,7,6,7,7,7,7,7,6,6,1,6,6,1,1,1,1,1,1,1,1,1,1,7,6,1,1,1,1,1,1,1,1,1,1,6
 India                 ,Other,6,6,6,6,6,1,1,1,1,1,6,6,6,6,1,6,1,6,6,1,1,7,7,7,7,7,7,7,7,7,7,7,1,6,6,1,1,1,6,1,7,7,1,1,6,7,7,7,1,6,1,1,1,6,6,1,6,6,6,6,6,6,6,6,6,1,1,1,1,6,7,6,9,1,6,7,6,7,1,1,1,1,7,1,1,1,1,1,1,1,1,6,7,7,1,6,6,6,6,1,7,9,1,6,1,6,6,6,1,1,6,7,7,7,1,6,1,6,7,1,6,6,6,1,1,7,9,9,7,1,1,1,6,1,1,1,7,7,7,7,7,7,7,7,7,6,7,1,6,7,7,1,7,7,7,6,1,1,6,7,7,6,7,7,6,6,7,7,6,1,6,7,7,7,6,1,1,1,1,1,7,7,7,7,7,7,7,6,6,1,6,1,1,1,1,6,6,7,7,7,7,7,7,7,7,1,1,7,7,6,6,1,6,6,1,1,1,1,1,1,1,1,7,7,7,7,1,1,1,1,1,1,1,1,1,1,1
 Pakistan              ,Other,9,9,9,9,9,9,9,9,9,9,9,9,9,9,9,9,9,9,9,9,9,9,9,9,9,9,9,9,9,9,9,9,9,9,9,9,9,9,9,9,9,9,9,9,6,1,7,6,1,6,1,1,1,7,6,7,6,6,6,1,7,1,7,1,1,7,7,7,1,6,6,1,1,1,6,1,7,6,1,1,1,1,9,9,9,1,1,1,1,1,1,9,9,9,9,9,9,9,9,1,6,6,1,9,9,1,1,6,1,1,6,7,7,6,1,1,6,1,1,1,1,6,6,1,1,6,1,6,6,1,1,1,6,1,1,1,7,7,7,7,7,7,1,7,7,6,7,1,1,6,6,6,6,6,6,6,1,1,1,6,6,6,7,7,6,6,6,1,6,1,6,7,7,7,1,1,1,1,1,1,1,7,7,6,6,6,6,6,7,1,1,1,1,1,1,6,6,6,7,6,7,7,7,7,7,7,7,7,7,7,7,1,6,6,1,1,1,1,1,1,1,1,1,1,6,6,1,1,1,1,1,1,1,1,1,6,1
 Myanmar/Burma         ,Other,9,9,9,9,9,9,9,9,9,9,9,9,9,9,9,9,9,9,9,9,9,9,9,9,9,9,9,9,9,9,9,9,9,9,9,9,9,9,9,9,9,9,9,9,9,9,9,9,9,9,9,9,9,9,9,9,9,9,9,9,9,9,9,9,9,9,9,9,9,9,9,9,9,9,9,7,1,7,1,1,1,1,6,7,6,1,1,1,1,1,1,6,6,6,6,6,6,6,6,1,7,7,1,1,1,7,1,1,6,6,6,6,9,7,1,7,6,1,1,1,7,7,1,7,1,7,1,6,7,1,1,1,6,1,6,1,7,7,7,7,7,7,7,7,7,6,7,1,7,7,7,7,7,7,7,7,1,1,6,6,6,6,7,7,6,6,6,6,6,1,6,7,7,1,1,1,1,1,1,1,1,6,6,6,6,6,6,6,6,7,6,1,1,1,1,6,6,6,9,9,9,9,9,9,9,9,9,9,9,9,9,1,6,6,1,1,1,1,1,1,1,1,9,7,6,6,1,1,1,1,1,1,1,1,1,6,1
 Thailand              ,Other,9,9,9,9,9,9,9,9,9,9,9,9,9,9,9,9,9,9,9,9,9,9,9,9,9,9,9,9,9,9,9,9,9,9,9,9,9,9,9,9,9,9,9,1,7,1,6,6,9,6,1,1,9,6,6,1,7,9,9,9,9,9,9,9,9,9,9,9,9,9,9,9,9,9,9,6,7,6,1,1,1,1,9,9,9,6,6,6,6,6,1,9,7,9,9,9,9,7,7,1,6,6,9,7,7,6,1,7,7,1,6,1,7,6,1,6,6,6,6,1,6,7,7,6,1,6,1,7,1,1,1,1,6,1,7,1,1,1,6,6,1,1,9,9,9,7,7,1,1,7,7,7,7,7,7,6,7,1,7,1,7,7,7,7,6,1,1,1,7,1,7,6,1,1,1,7,1,1,1,1,7,7,7,6,6,7,6,6,7,7,7,1,1,1,1,6,6,6,6,9,7,7,7,7,7,7,7,7,7,7,7,1,7,7,7,1,7,7,1,1,1,1,7,7,1,1,7,7,7,7,7,7,7,7,7,1,6
 Philippines           ,Other,1,6,1,1,9,1,1,9,1,1,6,6,6,6,1,6,1,6,6,1,1,1,1,7,1,1,1,1,1,1,1,1,1,6,7,1,1,1,6,6,1,1,6,1,6,1,6,6,7,6,1,1,1,7,6,1,6,7,7,1,6,1,1,1,1,1,6,1,1,6,9,1,1,1,1,6,7,6,1,1,1,1,6,7,7,1,1,1,1,1,7,6,7,6,7,6,6,6,6,1,7,1,1,1,1,6,6,6,7,1,6,1,1,7,1,1,6,7,1,1,6,6,6,6,1,6,6,7,1,1,1,1,6,1,1,7,7,7,6,6,1,1,1,1,1,1,1,1,1,7,7,7,7,6,7,6,1,1,1,7,6,6,7,7,6,6,1,1,6,1,7,6,1,1,1,1,1,1,1,1,7,7,6,6,6,6,6,6,1,1,7,1,1,7,1,6,6,6,7,6,7,7,7,7,7,1,7,7,7,7,7,1,6,6,1,1,1,1,1,1,1,1,1,7,1,1,1,1,1,1,1,1,1,1,1,1,6
 Australia             ,Other,6,1,1,1,6,1,1,1,1,1,6,6,6,6,1,6,1,1,1,7,1,1,1,6,1,1,1,1,1,1,1,1,7,1,6,6,6,6,6,6,7,7,6,1,7,1,6,6,6,1,6,6,6,1,1,6,6,6,6,1,1,1,1,1,1,1,6,1,6,1,1,1,6,7,1,1,6,6,1,1,1,1,6,1,7,6,6,6,6,6,1,6,6,6,6,6,6,6,6,6,6,6,1,1,1,6,6,6,6,1,6,6,6,1,1,6,6,6,6,1,6,6,6,6,1,6,1,7,1,1,1,1,6,1,1,6,7,7,6,6,1,1,1,1,1,1,1,1,6,7,7,7,7,7,7,6,6,6,6,1,1,1,1,1,6,1,1,1,1,1,6,6,1,1,6,6,1,1,7,1,6,6,6,6,6,6,6,6,6,6,6,1,1,1,1,6,6,6,7,7,7,7,7,7,7,7,7,7,7,7,7,6,1,1,1,1,6,6,7,6,7,6,7,7,6,6,1,1,1,1,1,1,1,1,1,6,6
 New Zealand           ,Other,6,1,6,6,6,1,1,1,1,1,6,6,6,6,1,6,1,1,1,6,1,1,1,6,1,1,1,1,1,1,1,1,7,1,1,1,7,1,6,6,1,1,6,1,1,1,6,6,6,1,7,7,6,1,1,1,6,6,6,1,1,1,1,1,7,1,1,1,6,1,1,1,6,1,1,6,6,6,1,1,1,1,6,7,6,6,6,6,7,7,1,6,7,6,7,6,6,6,6,7,6,6,1,6,7,6,6,1,6,1,6,6,6,6,1,6,6,6,7,1,6,6,6,6,1,6,1,6,1,1,1,1,6,1,1,6,6,6,6,6,1,1,1,1,1,1,1,1,6,7,7,7,7,7,7,6,6,6,6,1,1,1,1,1,6,1,1,1,1,1,6,6,1,1,1,6,1,1,7,1,6,6,6,6,6,6,6,6,6,6,6,7,7,1,7,6,6,6,7,7,7,7,7,7,7,7,7,7,7,7,7,6,1,1,7,1,7,7,7,6,7,6,1,1,1,1,7,7,7,7,7,7,7,7,7,1,6
